<?xml version="1.0" encoding="UTF-8" standalone="yes"?>
<MessagePool xmlns="http://wwww.ibm.com/iib/test/1.0.0">
    <SOAPInputMessage WSDL_URI="platform:/resource/berhitung/berhitung.wsdl" WSDL_OPERATION_OUT_NAME="tambahResponse" WSDL_OPERATION_NAME="tambah" WSDL_OPERATION_IN_NAME="tambahRequest" timestamp="1632277308334" nodeId="FCMComposite_1_1" name="new message 1" id="1632277308334-294">
        <plainText>%3Cout%3Atambah+xmlns%3Aout%3D%22http%3A%2F%2Fberhitung%22%3E%3Cinput1%3E%3Cnumber1%3E1%3C%2Fnumber1%3E%3Cnumber2%3E2%3C%2Fnumber2%3E%3C%2Finput1%3E%3C%2Fout%3Atambah%3E</plainText>
    </SOAPInputMessage>
    <SOAPInputMessage WSDL_URI="platform:/resource/berhitung/berhitung.wsdl" WSDL_OPERATION_OUT_NAME="tambahResponse" WSDL_OPERATION_NAME="tambah" WSDL_OPERATION_IN_NAME="tambahRequest" timestamp="1632284568680" nodeId="FCMComposite_1_1" name="new message 2" id="1632284568680-327">
        <plainText>%3C%3Fxml+version%3D%221.0%22+encoding%3D%22UTF-8%22%3F%3E%3Ctns0%3AEnvelope+xmlns%3Atns0%3D%22http%3A%2F%2Fschemas.xmlsoap.org%2Fsoap%2Fenvelope%2F%22+xmlns%3Atns1%3D%22http%3A%2F%2Fberhitung%22+xmlns%3Axsi%3D%22http%3A%2F%2Fwww.w3.org%2F2001%2FXMLSchema-instance%22%3E%0D%0A++%3Ctns0%3AHeader%2F%3E%0D%0A++%3Ctns0%3ABody%3E%0D%0A++++%3Ctns1%3Atambah%3E%0D%0A++++++%3Cinput1%3E%0D%0A++++++++%3Cnumber1%3E10%3C%2Fnumber1%3E%0D%0A++++++++%3Cnumber2%3E11%3C%2Fnumber2%3E%0D%0A++++++%3C%2Finput1%3E%0D%0A++++%3C%2Ftns1%3Atambah%3E%0D%0A++%3C%2Ftns0%3ABody%3E%0D%0A%3C%2Ftns0%3AEnvelope%3E</plainText>
    </SOAPInputMessage>
</MessagePool>
