{
  "swagger" : "2.0",
  "info" : {
    "title" : "calc",
    "version" : "1.0.0",
    "description" : "calc"
  },
  "paths" : {
    "/tambah" : {
      "post" : {
        "operationId" : "postTambah",
        "responses" : {
          "200" : {
            "description" : "The operation was successful."
          }
        },
        "consumes" : [ "application/json" ],
        "produces" : [ "application/json" ],
        "description" : "Insert a tambah",
        "parameters" : [ {
          "name" : "body",
          "in" : "body",
          "schema" : {
            "$ref" : "#/definitions/numbers"
          },
          "description" : "The request body for the operation",
          "required" : true
        } ]
      }
    }
  },
  "basePath" : "/calc/v1",
  "definitions" : {
    "numbers" : {
      "type" : "object",
      "properties" : {
        "number1" : {
          "type" : "integer"
        },
        "number2" : {
          "type" : "integer"
        }
      }
    },
    "numout" : {
      "type" : "object",
      "properties" : {
        "outnum" : {
          "type" : "integer"
        }
      }
    }
  }
}